{
    "Floodways": {
        "refX1": -30.536060333251953,
        "refY1": 33.621070861816406,
        "imgX1": 1042.0,
        "imgY1": 1188.0,
        "refX2": 154.68150329589844,
        "refY2": 158.36509704589844,
        "imgX2": 1941.0,
        "imgY2": 578.0,
        "width": 2390.0,
        "height": 1623.0,
        "ImagePath": "R5A1.png"
    },
    "Recollect": {
        "refX1": -15.68218994140625,
        "refY1": 33.390201568603516,
        "imgX1": 3438.0,
        "imgY1": 2238.0,
        "refX2": 21.66231918334961,
        "refY2": 66.58587646484375,
        "imgX2": 3922.0,
        "imgY2": 1805.0,
        "width": 4961.0,
        "height": 3128.0,
        "ImagePath": "R5A2.png"
    },
    "Mining": {
        "refX1": -15.485260009765625,
        "refY1": 35.48653030395508,
        "imgX1": 6273.0,
        "imgY1": 5236.0,
        "refX2": -222.143798828125,
        "refY2": 157.75900268554688,
        "imgX2": 3092.0,
        "imgY2": 3344.0,
        "width": 10442.0,
        "height": 6441.0,
        "ImagePath": "R5A3.png"
    },
    "Smother": {
        "refX1": -92.53665924072266,
        "refY1": 33.50101852416992,
        "imgX1": 223.0,
        "imgY1": 3096.0,
        "refX2": 41.55622863769531,
        "refY2": 139.4799041748047,
        "imgX2": 2319.0,
        "imgY2": 1445.0,
        "width": 8192.0,
        "height": 8168.0,
        "ImagePath": "R5B1.png"
    },
    "Discharge": {
        "refX1": 141.84010314941406,
        "refY1": 38.638099670410156,
        "imgX1": 4767.0,
        "imgY1": 4057.0,
        "refX2": -5.772759914398193,
        "refY2": 274.4867858886719,
        "imgX2": 2455.0,
        "imgY2": 362.0,
        "width": 6255.0,
        "height": 7192.0,
        "ImagePath": "R5B2.png"
    },
    "Unseal": {
        "refX1": 150.20460510253906,
        "refY1": 33.66447067260742,
        "imgX1": 2923.0,
        "imgY1": 3009.0,
        "refX2": -10.64169979095459,
        "refY2": 195.1291046142578,
        "imgX2": 416.0,
        "imgY2": 481.0,
        "width": 4410.0,
        "height": 5726.0,
        "ImagePath": "R5B3.png"
    },
    "Diversion": {
        "refX1": -93.9819564819336,
        "refY1": 34.981849670410156,
        "imgX1": 1248.0,
        "imgY1": 7104.0,
        "refX2": 8.395549774169922,
        "refY2": 286.5461120605469,
        "imgX2": 2840.0,
        "imgY2": 3167.0,
        "width": 5366.0,
        "height": 8171.0,
        "ImagePath": "R5B4.png"
    },
    "Binary": {
        "refX1": 153.9958953857422,
        "refY1": 97.71356964111328,
        "imgX1": 4937.0,
        "imgY1": 5030.0,
        "refX2": -86.11003875732422,
        "refY2": 284.3648986816406,
        "imgX2": 1207.0,
        "imgY2": 2084.0,
        "width": 5203.0,
        "height": 7184.0,
        "ImagePath": "R5C1.png"
    },
    "Access": {
        "refX1": -281.106689453125,
        "refY1": 37.05778884887695,
        "imgX1": 2149.0,
        "imgY1": 4050.0,
        "refX2": 86.86817169189453,
        "refY2": 277.0163879394531,
        "imgX2": 7875.0,
        "imgY2": 309.0,
        "width": 9669.0,
        "height": 5197.0,
        "ImagePath": "R5C2.png"
    },
    "Starvation": {
        "refX1": -27.157060623168945,
        "refY1": 97.54345703125,
        "imgX1": 3948.0,
        "imgY1": 8174.0,
        "refX2": -208.6566925048828,
        "refY2": 289.9045104980469,
        "imgX2": 1138.0,
        "imgY2": 5174.0,
        "width": 5962.0,
        "height": 10207.0,
        "ImagePath": "R5C3.png"
    },
    "Even Deeper": {
        "refX1": 94.37239837646484,
        "refY1": 161.55690002441406,
        "imgX1": 2571.0,
        "imgY1": 5768.0,
        "refX2": -94.63662719726562,
        "refY2": 610.647216796875,
        "imgX2": 707.0,
        "imgY2": 1328.0,
        "width": 3227.0,
        "height": 7709.0,
        "ImagePath": "R5D1.png"
    },
    "Error": {
        "refX1": 222.31289672851562,
        "refY1": 33.37928009033203,
        "imgX1": 7409.0,
        "imgY1": 4104.0,
        "refX2": -154.00379943847656,
        "refY2": 228.4591064453125,
        "imgX2": 1554.0,
        "imgY2": 1075.0,
        "width": 9529.0,
        "height": 5532.0,
        "ImagePath": "R5D2.png"
    },
    "KDS Deep": {
        "refX1": 29.83016014099121,
        "refY1": 34.397830963134766,
        "imgX1": 5459.0,
        "imgY1": 1861.0,
        "refX2": -273.9476013183594,
        "refY2": -448.1354064941406,
        "imgX2": 726.0,
        "imgY2": 9359.0,
        "width": 5735.0,
        "height": 12843.0,
        "ImagePath": "R5E1.png"
    },
    "Artifact 7": {
        "refX1": -155.88040161132812,
        "refY1": 33.546539306640625,
        "imgX1": 141.0,
        "imgY1": 4429.0,
        "refX2": 10.8966703414917,
        "refY2": 388.456298828125,
        "imgX2": 1987.0,
        "imgY2": 493.0,
        "width": 3000.0,
        "height": 5238.0,
        "ImagePath": "R6A1.png"
    },
    "Hexahedrons": {
        "refX1": 21.892030715942383,
        "refY1": 8.073699951171875,
        "imgX1": 2146.0,
        "imgY1": 2533.0,
        "refX2": -71.34697723388672,
        "refY2": 222.24180603027344,
        "imgX2": 1109.0,
        "imgY2": 152.0,
        "width": 3032.0,
        "height": 3040.0,
        "ImagePath": "R6B1.png"
    },
    "Contaminant": {
        "refX1": 92.53938293457031,
        "refY1": 35.118568420410156,
        "imgX1": 4390.0,
        "imgY1": 2237.0,
        "refX2": -266.2620849609375,
        "refY2": 186.81979370117188,
        "imgX2": 422.0,
        "imgY2": 552.0,
        "width": 4785.0,
        "height": 3095.0,
        "ImagePath": "R6B2.png"
    },
    "Navigation": {
        "refX1": 216.7136993408203,
        "refY1": 34.78116989135742,
        "imgX1": 4610.0,
        "imgY1": 3606.0,
        "refX2": -139.35450744628906,
        "refY2": 222.47579956054688,
        "imgX2": 669.0,
        "imgY2": 1529.0,
        "width": 5160.0,
        "height": 4408.0,
        "ImagePath": "R6C1.png"
    },
    "Blind": {
        "refX1": -29.70071029663086,
        "refY1": 0.24195000529289246,
        "imgX1": 388.0,
        "imgY1": 1845.0,
        "refX2": 323.67999267578125,
        "refY2": 130.872802734375,
        "imgX2": 4306.0,
        "imgY2": 396.0,
        "width": 6143.0,
        "height": 3004.0,
        "ImagePath": "R6C2.png"
    },
    "Pressure Point": {
        "refX1": -16.975799560546875,
        "refY1": 3.459429979324341,
        "imgX1": 2271.0,
        "imgY1": 4254.0,
        "refX2": 286.4778137207031,
        "refY2": 273.93939208984375,
        "imgX2": 5630.0,
        "imgY2": 1260.0,
        "width": 7171.0,
        "height": 4813.0,
        "ImagePath": "R6C3.png"
    },
    "Crossways": {
        "refX1": -137.597900390625,
        "refY1": 33.43370819091797,
        "imgX1": 1389.0,
        "imgY1": 3980.0,
        "refX2": 93.7791976928711,
        "refY2": 330.54541015625,
        "imgX2": 3948.0,
        "imgY2": 689.0,
        "width": 4747.0,
        "height": 4795.0,
        "ImagePath": "R6D2.png"
    },
    "Power Hungry": {
        "refX1": 222.20399475097656,
        "refY1": -30.39035987854004,
        "imgX1": 5117.0,
        "imgY1": 6639.0,
        "refX2": -29.589139938354492,
        "refY2": 402.8717041015625,
        "imgX2": 2330.0,
        "imgY2": 1844.0,
        "width": 5574.0,
        "height": 7105.0,
        "ImagePath": "R6D3.png"
    },
    "Cryptomnesia": {
        "refX1": -15.364760398864746,
        "refY1": 9.613030433654785,
        "imgX1": 959.0,
        "imgY1": 2849.0,
        "refX2": 146.65899658203125,
        "refY2": 223.4528045654297,
        "imgX2": 2753.0,
        "imgY2": 484.0,
        "width": 3726.0,
        "height": 4100.0,
        "ImagePath": "R6D4.png"
    },
    "Unit 23": {
        "refX1": -62.17873001098633,
        "refY1": 54.93695068359375,
        "imgX1": 890.0,
        "imgY1": 3575.0,
        "refX2": 82.64990234375,